{"cameraMode":{"drawMode":0,"name":"Shaded","section":"Shading Mode"},"sceneLighting":true,"audioPlay":false,"sceneViewState":{"showFog":true,"showMaterialUpdate":false,"showSkybox":true,"showFlares":true,"showImageEffects":true,"showParticleSystems":true,"showVisualEffectGraphs":true,"m_FxEnabled":true},"in2DMode":false,"pivot":{"x":2.9943435192108156,"y":5.5074543952941898,"z":-0.5066595077514648},"rotation":{"x":-0.011974936351180077,"y":0.06445063650608063,"z":0.0007736623520031571,"w":0.9978517293930054},"size":7.282146453857422,"orthographic":false}