{"cameraMode":{"drawMode":0,"name":"Shaded","section":"Shading Mode"},"sceneLighting":true,"audioPlay":false,"sceneViewState":{"showFog":true,"showMaterialUpdate":false,"showSkybox":true,"showFlares":true,"showImageEffects":true,"showParticleSystems":true,"showVisualEffectGraphs":true,"m_FxEnabled":true},"in2DMode":false,"pivot":{"x":3.5948548316955568,"y":8.173225402832032,"z":-1.8733611106872559},"rotation":{"x":0.032981935888528827,"y":0.026981929317116739,"z":-0.0008905041613616049,"w":0.9990941882133484},"size":7.914646625518799,"orthographic":true}